robustness_config_id,window_config_id_check,split_strategy_check,window_config_id,split_strategy,split,model_name,n_samples,rmse_steer,peak_direction_accuracy,wrong_side_rate,large_response_recall,peak_amp_mae,peak_amp_ratio_pred_over_gt_mean,severe_amp_under_rate,peak_time_mae_s,onset_delay_mae_s,tail_abs_error_mean,tail_drift_risk_rate,zero_crossing_mismatch_rate,reversal_count_exact_match_rate,multi_segment_gt_rate,multi_segment_pred_rate,difficult_top20_rmse
random_main,pre2_label2_old_main,random_event_split,pre2_label2_old_main,random_event_split,test,direction_gated_knn_template_no_subject,136,0.6762654973488802,0.7720588235294118,0.22794117647058823,0.5897435897435898,0.5164506916395005,1.5368609615530795,0.1323529411764706,0.4053676500916481,0.37180147309075384,0.6168314016780213,0.5073529411764706,0.17647058823529413,0.014705882352941176,0.7647058823529411,0.9558823529411765,1.0644039132526706
random_main,pre2_label2_old_main,random_event_split,pre2_label2_old_main,random_event_split,test,formal_ridge_vehicle_context_no_subject,136,0.6997024610879834,0.7573529411764706,0.2426470588235294,0.0,0.8158983251025134,0.8523147740030189,0.6544117647058824,0.4915073540280847,0.8234926443273092,0.7054157458067707,0.6470588235294118,0.22058823529411764,0.14705882352941177,0.7647058823529411,0.9485294117647058,1.2145756501160394
random_main,pre2_label2_old_main,random_event_split,pre2_label2_old_main,random_event_split,test,knn_template_context_no_subject,136,0.6149982982439469,0.8161764705882353,0.18382352941176472,0.5128205128205128,0.5358920202535742,1.2782281709569712,0.22794117647058823,0.4202573505394599,0.38661764697719586,0.568830973794641,0.4338235294117647,0.19117647058823528,0.022058823529411766,0.7647058823529411,0.9632352941176471,1.0089139530122126
random_main,pre2_label2_old_main,random_event_split,pre2_label2_old_main,random_event_split,test,peak_scaled_template_context_no_subject,136,0.6806917721423669,0.7720588235294118,0.22794117647058823,0.6153846153846154,0.5146624761469224,1.3245353361471714,0.16911764705882354,0.4145955912330571,0.3751838236006306,0.6080892772742492,0.4411764705882353,0.19852941176470587,0.014705882352941176,0.7647058823529411,0.9264705882352942,1.0853984369116956
random_main,pre2_label2_old_main,random_event_split,pre2_label2_old_main,random_event_split,test,rbf_kernel_ridge_context_no_subject,136,0.6130488215036832,0.8382352941176471,0.16176470588235295,0.358974358974359,0.5607264613294426,1.339904950793914,0.3014705882352941,0.45374999743174105,0.31055146904990955,0.5837165184510762,0.4852941176470588,0.15441176470588236,0.0,0.7647058823529411,1.0,1.0187296462711435
random_main,pre2_label2_old_main,random_event_split,pre2_label2_old_main,random_event_split,train,direction_gated_knn_template_no_subject,634,1.0316072529947411e-06,1.0,0.0,1.0,9.424582326473309e-07,1.0000017319508516,0.0,0.00886435273223871,0.0,9.938490140666831e-07,0.0,0.028391167192429023,1.0,0.694006309148265,0.694006309148265,1.696207915303944e-06
random_main,pre2_label2_old_main,random_event_split,pre2_label2_old_main,random_event_split,train,formal_ridge_vehicle_context_no_subject,634,0.6836111664233265,0.750788643533123,0.24921135646687698,0.03773584905660377,0.7240931375498652,1.7346155324369235,0.583596214511041,0.4777444811414469,0.6776340677232514,0.6551766333033254,0.6482649842271293,0.23501577287066247,0.12933753943217666,0.694006309148265,0.9495268138801262,1.257317758935406
random_main,pre2_label2_old_main,random_event_split,pre2_label2_old_main,random_event_split,train,knn_template_context_no_subject,634,7.092576406286126e-07,1.0,0.0,1.0,7.027808440208717e-07,0.9999996573102066,0.0,0.00469242851910907,0.0005283912273611556,6.491067336098128e-07,0.0,0.03470031545741325,1.0,0.694006309148265,0.694006309148265,1.1654094931900212e-06
random_main,pre2_label2_old_main,random_event_split,pre2_label2_old_main,random_event_split,train,peak_scaled_template_context_no_subject,634,0.08719541394811281,1.0,0.0,1.0,0.011073235295674754,0.9986123631439615,0.0,0.0074447947157670275,0.00019716083627393946,0.008570690005094908,0.0,0.031545741324921134,1.0,0.694006309148265,0.694006309148265,0.19482128889280337
random_main,pre2_label2_old_main,random_event_split,pre2_label2_old_main,random_event_split,train,rbf_kernel_ridge_context_no_subject,634,0.4205166627281173,0.8817034700315457,0.11829652996845426,0.6477987421383647,0.39804779360958076,1.3157301486860067,0.17823343848580442,0.3467113567686607,0.24356466825252357,0.42170114848103185,0.3943217665615142,0.14037854889589904,0.04258675078864353,0.694006309148265,0.9684542586750788,0.7116824866420651
random_main,pre2_label2_old_main,random_event_split,pre2_label2_old_main,random_event_split,val,direction_gated_knn_template_no_subject,136,0.7182593322764822,0.7941176470588235,0.20588235294117646,0.5757575757575758,0.5271308166248834,1.8454427372199609,0.13970588235294118,0.3889338193351732,0.31705882378360806,0.7041651689009193,0.5514705882352942,0.25,0.0,0.7205882352941176,0.9926470588235294,1.2821019825865732
random_main,pre2_label2_old_main,random_event_split,pre2_label2_old_main,random_event_split,val,formal_ridge_vehicle_context_no_subject,136,0.7364376119169272,0.7647058823529411,0.23529411764705882,0.030303030303030304,0.7710638108718044,1.0687579957279203,0.625,0.5424632365431856,0.670183822615346,0.7380921584554017,0.6176470588235294,0.27205882352941174,0.125,0.7205882352941176,0.9411764705882353,1.3350360432095358
random_main,pre2_label2_old_main,random_event_split,pre2_label2_old_main,random_event_split,val,knn_template_context_no_subject,136,0.6873679338475983,0.7794117647058824,0.22058823529411764,0.36363636363636365,0.5474438078235835,1.2546381471672396,0.2426470588235294,0.4152205914039822,0.3622794125831741,0.6691064103506505,0.5882352941176471,0.21323529411764705,0.029411764705882353,0.7205882352941176,0.9632352941176471,1.234962650248169
random_main,pre2_label2_old_main,random_event_split,pre2_label2_old_main,random_event_split,val,peak_scaled_template_context_no_subject,136,0.7053933205151397,0.7941176470588235,0.20588235294117646,0.48484848484848486,0.531000309788129,1.3322826179468217,0.19117647058823528,0.413602946764406,0.3244485291515422,0.6936947282006526,0.5661764705882353,0.25,0.03676470588235294,0.7205882352941176,0.9264705882352942,1.2869811423549846
random_main,pre2_label2_old_main,random_event_split,pre2_label2_old_main,random_event_split,val,rbf_kernel_ridge_context_no_subject,136,0.6464772264047342,0.8382352941176471,0.16176470588235295,0.36363636363636365,0.5517545910552144,1.3432618601673554,0.25735294117647056,0.39253675378859043,0.3349999988396816,0.6606401506116313,0.5220588235294118,0.22794117647058823,0.007352941176470588,0.7205882352941176,1.0,1.1913917511082819
subject_main,pre2_label2_old_main,subject_level_split,pre2_label2_old_main,subject_level_split,test,direction_gated_knn_template_no_subject,239,0.6314875917448598,0.8158995815899581,0.18410041841004185,0.6428571428571429,0.46596109745517433,2.4133646501851667,0.08786610878661087,0.4042887052980926,0.35138075264116214,0.6077362172087366,0.4686192468619247,0.18828451882845187,0.029288702928870293,0.6652719665271967,0.9832635983263598,1.0694231567429864
subject_main,pre2_label2_old_main,subject_level_split,pre2_label2_old_main,subject_level_split,test,formal_ridge_vehicle_context_no_subject,239,0.6727879068913338,0.803347280334728,0.19665271966527198,0.03571428571428571,0.6963353964917082,1.232621956316601,0.602510460251046,0.4721757343124645,0.8105230131751573,0.6846889541826218,0.6359832635983264,0.200836820083682,0.08368200836820083,0.6652719665271967,0.9874476987447699,1.2456757364987208
subject_main,pre2_label2_old_main,subject_level_split,pre2_label2_old_main,subject_level_split,test,knn_template_context_no_subject,239,0.5979357894118985,0.8410041841004184,0.1589958158995816,0.5,0.4785807821665848,1.3338714250290307,0.20920502092050208,0.4390376558114295,0.3464016731805071,0.5443518069070067,0.46443514644351463,0.14644351464435146,0.016736401673640166,0.6652719665271967,0.9832635983263598,1.0686304913475198
subject_main,pre2_label2_old_main,subject_level_split,pre2_label2_old_main,subject_level_split,test,peak_scaled_template_context_no_subject,239,0.6269942416924928,0.8158995815899581,0.18410041841004185,0.5178571428571429,0.4644642336660349,2.0323406805544915,0.13389121338912133,0.4017364037336166,0.3140376554529288,0.6016647123797918,0.5146443514644351,0.200836820083682,0.03765690376569038,0.6652719665271967,0.9916317991631799,1.0957042020765895
subject_main,pre2_label2_old_main,subject_level_split,pre2_label2_old_main,subject_level_split,test,rbf_kernel_ridge_context_no_subject,239,0.6097916981485598,0.8242677824267782,0.17573221757322174,0.625,0.4612138339670991,1.1106566085969367,0.19246861924686193,0.47625523119790786,0.3611087864147943,0.5583760791472072,0.497907949790795,0.18828451882845187,0.03765690376569038,0.6652719665271967,0.9414225941422594,1.1050689313992366
subject_main,pre2_label2_old_main,subject_level_split,pre2_label2_old_main,subject_level_split,train,direction_gated_knn_template_no_subject,513,2.542120425613775e-06,1.0,0.0,1.0,2.42152458717629e-06,1.000002120357807,0.0,0.007027290630758854,5.847956353460836e-05,2.4081370355865674e-06,0.0,0.06432748538011696,1.0,0.7543859649122807,0.7543859649122807,4.330268039614327e-06
subject_main,pre2_label2_old_main,subject_level_split,pre2_label2_old_main,subject_level_split,train,formal_ridge_vehicle_context_no_subject,513,0.7066326382039313,0.7368421052631579,0.2631578947368421,0.031007751937984496,0.7612764478731923,1.7905079117944276,0.6140350877192983,0.47944444635806727,0.6767836262709797,0.6744607068048191,0.6159844054580896,0.25925925925925924,0.12085769980506822,0.7543859649122807,0.9883040935672515,1.287595329416041
subject_main,pre2_label2_old_main,subject_level_split,pre2_label2_old_main,subject_level_split,train,knn_template_context_no_subject,513,1.1863582138176063e-06,1.0,0.0,1.0,1.3359311739342253e-06,0.9999996266149836,0.0,0.004756335684662907,0.0,1.1103580035892681e-06,0.0,0.05263157894736842,1.0,0.7543859649122807,0.7543859649122807,1.9491788024492196e-06
subject_main,pre2_label2_old_main,subject_level_split,pre2_label2_old_main,subject_level_split,train,peak_scaled_template_context_no_subject,513,0.06693443317181387,1.0,0.0,1.0,0.008123354854917273,0.9990389525327535,0.0,0.006218323291626126,0.0001851850957201238,0.0060531412760752275,0.0,0.06237816764132553,1.0,0.7543859649122807,0.7543859649122807,0.14937903861135715
subject_main,pre2_label2_old_main,subject_level_split,pre2_label2_old_main,subject_level_split,train,rbf_kernel_ridge_context_no_subject,513,0.2415187705276454,0.9298245614035088,0.07017543859649122,0.9457364341085271,0.222708903695139,0.9782358972707077,0.02729044834307992,0.20307017392233798,0.13217348915835223,0.21985712381362094,0.13450292397660818,0.12475633528265107,0.1442495126705653,0.7543859649122807,0.9259259259259259,0.3754876562229963
subject_main,pre2_label2_old_main,subject_level_split,pre2_label2_old_main,subject_level_split,val,direction_gated_knn_template_no_subject,154,0.7287113129534717,0.7402597402597403,0.2597402597402597,0.5952380952380952,0.5652747668035618,3.283486988011052,0.14285714285714285,0.40116883940123893,0.4428896045723519,0.7516538738817363,0.5844155844155844,0.21428571428571427,0.03896103896103896,0.6233766233766234,0.9935064935064936,1.183207891025853
subject_main,pre2_label2_old_main,subject_level_split,pre2_label2_old_main,subject_level_split,val,formal_ridge_vehicle_context_no_subject,154,0.739466147957565,0.6818181818181818,0.3181818181818182,0.023809523809523808,0.7984161004424095,4.18848152143285,0.5714285714285714,0.5274675369456217,0.7749350644079606,0.7761224946264154,0.6623376623376623,0.22077922077922077,0.07792207792207792,0.6233766233766234,0.987012987012987,1.274824655434889
subject_main,pre2_label2_old_main,subject_level_split,pre2_label2_old_main,subject_level_split,val,knn_template_context_no_subject,154,0.6815907660582636,0.7467532467532467,0.2532467532467532,0.35714285714285715,0.6209514108425999,2.1076823885910447,0.2987012987012987,0.42772727150034595,0.49902597595877074,0.715678964675005,0.6493506493506493,0.16233766233766234,0.006493506493506494,0.6233766233766234,1.0,1.1412569176943064
subject_main,pre2_label2_old_main,subject_level_split,pre2_label2_old_main,subject_level_split,val,peak_scaled_template_context_no_subject,154,0.718308040824337,0.7402597402597403,0.2597402597402597,0.47619047619047616,0.5831459986118527,3.395638059307324,0.16883116883116883,0.3985065011815591,0.439642855062984,0.7478672851893035,0.577922077922078,0.22077922077922077,0.045454545454545456,0.6233766233766234,0.987012987012987,1.1909669287680011
subject_main,pre2_label2_old_main,subject_level_split,pre2_label2_old_main,subject_level_split,val,rbf_kernel_ridge_context_no_subject,154,0.6574152078155017,0.7532467532467533,0.24675324675324675,0.4523809523809524,0.5636937057564652,1.264318584480874,0.33116883116883117,0.4482792251102336,0.4633116872207104,0.6797196586045033,0.5909090909090909,0.22077922077922077,0.09090909090909091,0.6233766233766234,0.8766233766233766,1.0744094947089196
session_pre1,pre1_label2_event_trigger,session_level_split,pre1_label2_event_trigger,session_level_split,test,direction_gated_knn_template_no_subject,139,0.5720398201457775,0.8345323741007195,0.16546762589928057,0.68,0.38764608860444677,2.026355780112544,0.05755395683453238,0.40902877218431705,0.3208633091220324,0.5620893178065475,0.460431654676259,0.1223021582733813,0.08633093525179857,0.6762589928057554,0.9640287769784173,1.0904647672675627
session_pre1,pre1_label2_event_trigger,session_level_split,pre1_label2_event_trigger,session_level_split,test,formal_ridge_vehicle_context_no_subject,139,0.6437520400993387,0.7769784172661871,0.22302158273381295,0.12,0.64784066202186,1.5731435764529726,0.5611510791366906,0.4523381342133172,0.7103956830051306,0.6438498417428098,0.5899280575539568,0.17266187050359713,0.07913669064748201,0.6762589928057554,0.9712230215827338,1.2618368998657363
session_pre1,pre1_label2_event_trigger,session_level_split,pre1_label2_event_trigger,session_level_split,test,knn_template_context_no_subject,139,0.5254287314973548,0.8201438848920863,0.17985611510791366,0.44,0.45239879274003797,1.1453316625545,0.2733812949640288,0.4492445976185284,0.339280576183856,0.5155137279975436,0.48201438848920863,0.1223021582733813,0.0,0.6762589928057554,0.9856115107913669,1.0507491300945915
session_pre1,pre1_label2_event_trigger,session_level_split,pre1_label2_event_trigger,session_level_split,test,peak_scaled_template_context_no_subject,139,0.5393722582099637,0.8345323741007195,0.16546762589928057,0.64,0.39117772426965425,1.906052499767172,0.09352517985611511,0.4116906461527022,0.2901438849529238,0.5430695515581601,0.4748201438848921,0.18705035971223022,0.007194244604316547,0.6762589928057554,0.9928057553956835,1.048808248311423
session_pre1,pre1_label2_event_trigger,session_level_split,pre1_label2_event_trigger,session_level_split,test,rbf_kernel_ridge_context_no_subject,139,0.5201037741555928,0.8057553956834532,0.19424460431654678,0.52,0.44603401976504503,0.8261466267127927,0.34532374100719426,0.4461151033425503,0.4167985639152981,0.5186312404145528,0.5251798561151079,0.11510791366906475,0.050359712230215826,0.6762589928057554,0.8633093525179856,1.031057718591716
session_pre1,pre1_label2_event_trigger,session_level_split,pre1_label2_event_trigger,session_level_split,train,direction_gated_knn_template_no_subject,611,4.433188475436688e-06,1.0,0.0,1.0,4.208530680430404e-06,1.0000041860445534,0.0,0.010499181972783054,0.0,4.469962148895143e-06,0.0,0.08346972176759411,1.0,0.7119476268412439,0.7119476268412439,7.3382882291404475e-06
session_pre1,pre1_label2_event_trigger,session_level_split,pre1_label2_event_trigger,session_level_split,train,formal_ridge_vehicle_context_no_subject,611,0.6788451322870717,0.7463175122749591,0.25368248772504093,0.0196078431372549,0.718749369224823,1.816793580728072,0.5891980360065466,0.5133960769434022,0.6398527015781003,0.6722178253506763,0.6284779050736498,0.22913256955810146,0.14402618657937807,0.7119476268412439,0.9263502454991817,1.2316887333382505
session_pre1,pre1_label2_event_trigger,session_level_split,pre1_label2_event_trigger,session_level_split,train,knn_template_context_no_subject,611,3.270470037579181e-06,1.0,0.0,1.0,3.664299149108889e-06,0.9999972502931581,0.0,0.00585924730363337,0.0,3.1948732265534943e-06,0.0,0.049099836333878884,1.0,0.7119476268412439,0.7119476268412439,5.670521790477448e-06
session_pre1,pre1_label2_event_trigger,session_level_split,pre1_label2_event_trigger,session_level_split,train,peak_scaled_template_context_no_subject,611,0.051973557545240856,1.0,0.0,1.0,0.005416680785005,0.9992618895048918,0.0,0.007741407950068847,9.819962779355713e-05,0.004162639470385318,0.0,0.04582651391162029,1.0,0.7119476268412439,0.7119476268412439,0.11583785158170645
session_pre1,pre1_label2_event_trigger,session_level_split,pre1_label2_event_trigger,session_level_split,train,rbf_kernel_ridge_context_no_subject,611,0.4649115980246222,0.9018003273322422,0.09819967266775777,0.5359477124183006,0.4498698704661847,0.835914015720564,0.24058919803600654,0.3275368255601187,0.248240588732832,0.45425945133250395,0.3698854337152209,0.132569558101473,0.0867430441898527,0.7119476268412439,0.9198036006546645,0.8490207173010463
session_pre1,pre1_label2_event_trigger,session_level_split,pre1_label2_event_trigger,session_level_split,val,direction_gated_knn_template_no_subject,156,0.7709401351566642,0.7884615384615384,0.21153846153846154,0.38095238095238093,0.6727812403860765,2.7869575776391704,0.16666666666666666,0.3790064127399371,0.40224358669888133,0.6802163619834644,0.48717948717948717,0.24358974358974358,0.10256410256410256,0.7243589743589743,0.9358974358974359,1.3485464254507786
session_pre1,pre1_label2_event_trigger,session_level_split,pre1_label2_event_trigger,session_level_split,val,formal_ridge_vehicle_context_no_subject,156,0.8283953109154838,0.6730769230769231,0.3269230769230769,0.047619047619047616,0.9159757614326782,2.2426548948025635,0.5512820512820513,0.509006415040065,0.6307051268119651,0.7903568174541504,0.6474358974358975,0.2564102564102564,0.07051282051282051,0.7243589743589743,0.9038461538461539,1.4487125184775327
session_pre1,pre1_label2_event_trigger,session_level_split,pre1_label2_event_trigger,session_level_split,val,knn_template_context_no_subject,156,0.7750384711832581,0.7371794871794872,0.26282051282051283,0.11904761904761904,0.7525168547454553,1.5459985643846739,0.4166666666666667,0.4430769253999759,0.4914102540829052,0.6740443639319915,0.5064102564102564,0.23717948717948717,0.01282051282051282,0.7243589743589743,0.9935897435897436,1.4481468573899088
session_pre1,pre1_label2_event_trigger,session_level_split,pre1_label2_event_trigger,session_level_split,val,peak_scaled_template_context_no_subject,156,0.7611673672775785,0.7884615384615384,0.21153846153846154,0.42857142857142855,0.6547699078726463,2.4727871785304067,0.15384615384615385,0.3907371780429131,0.37384615055261516,0.672005577920339,0.48717948717948717,0.23076923076923078,0.03205128205128205,0.7243589743589743,0.9935897435897436,1.3757638332332085
session_pre1,pre1_label2_event_trigger,session_level_split,pre1_label2_event_trigger,session_level_split,val,rbf_kernel_ridge_context_no_subject,156,0.7731565055040226,0.75,0.25,0.21428571428571427,0.7729181936488815,1.1849890663527667,0.5,0.47233974360502684,0.604615387136642,0.6593182636553513,0.5512820512820513,0.23717948717948717,0.07692307692307693,0.7243589743589743,0.8012820512820513,1.4374631654582404
session_pre3,pre3_label3_response_coverage,session_level_split,pre3_label3_response_coverage,session_level_split,test,direction_gated_knn_template_no_subject,139,0.6584315076992828,0.7769784172661871,0.22302158273381295,0.5,0.41520259749117516,1.4103968669711109,0.1079136690647482,0.6689568354929094,0.34809352442782987,0.5914815368671841,0.48201438848920863,0.17266187050359713,0.007194244604316547,0.8920863309352518,1.0,1.1417126930036305
session_pre3,pre3_label3_response_coverage,session_level_split,pre3_label3_response_coverage,session_level_split,test,formal_ridge_vehicle_context_no_subject,139,0.7284632158336405,0.7482014388489209,0.2517985611510791,0.045454545454545456,0.7549756740709003,1.04264129883,0.6762589928057554,0.7565108027389581,1.0094244624387554,0.601614447769528,0.5107913669064749,0.17266187050359713,0.07913669064748201,0.8920863309352518,1.0,1.342915001042188
session_pre3,pre3_label3_response_coverage,session_level_split,pre3_label3_response_coverage,session_level_split,test,knn_template_context_no_subject,139,0.5902073802492165,0.7769784172661871,0.22302158273381295,0.36363636363636365,0.4733640659305689,0.9981530308416287,0.2733812949640288,0.6754676275116076,0.4361870501244025,0.5592130488019249,0.4748201438848921,0.11510791366906475,0.0,0.8920863309352518,1.0,1.1250412413985098
session_pre3,pre3_label3_response_coverage,session_level_split,pre3_label3_response_coverage,session_level_split,test,peak_scaled_template_context_no_subject,139,0.6420446447608118,0.7769784172661871,0.22302158273381295,0.5,0.4103715885028565,1.3404340594034372,0.1079136690647482,0.6840647531927918,0.36564748326865887,0.5813702054777377,0.4892086330935252,0.15827338129496402,0.0,0.8920863309352518,1.0,1.1304572544952305
session_pre3,pre3_label3_response_coverage,session_level_split,pre3_label3_response_coverage,session_level_split,test,rbf_kernel_ridge_context_no_subject,139,0.6077056478148962,0.7841726618705036,0.2158273381294964,0.5,0.4664580199218632,0.9776708789114454,0.26618705035971224,0.6992086341483987,0.4169424480939512,0.5714601569388789,0.4748201438848921,0.12949640287769784,0.007194244604316547,0.8920863309352518,0.9568345323741008,1.0991831095079425
session_pre3,pre3_label3_response_coverage,session_level_split,pre3_label3_response_coverage,session_level_split,train,direction_gated_knn_template_no_subject,611,1.7820680109840501e-06,1.0,0.0,1.0,1.7761525662948184e-06,0.9999998375832995,0.0,0.00504910067918843,0.0,1.6011022192878732e-06,0.0,0.03273322422258593,1.0,0.8919803600654664,0.8919803600654664,2.856706234251129e-06
session_pre3,pre3_label3_response_coverage,session_level_split,pre3_label3_response_coverage,session_level_split,train,formal_ridge_vehicle_context_no_subject,611,0.7610325926717313,0.7577741407528642,0.24222585924713586,0.0196078431372549,0.8544452266856029,0.8446783997946331,0.7037643207855974,0.773551552414699,0.966955809812816,0.6246064341261096,0.5155482815057283,0.18985270049099837,0.10474631751227496,0.8919803600654664,0.9983633387888707,1.3411283240827725
session_pre3,pre3_label3_response_coverage,session_level_split,pre3_label3_response_coverage,session_level_split,train,knn_template_context_no_subject,611,2.076046974225006e-06,1.0,0.0,1.0,2.4705975881965187e-06,0.999998265810353,0.0,0.004418984762775528,0.0,1.7790028363551621e-06,0.0,0.03436988543371522,1.0,0.8919803600654664,0.8919803600654664,3.4754011210386975e-06
session_pre3,pre3_label3_response_coverage,session_level_split,pre3_label3_response_coverage,session_level_split,train,peak_scaled_template_context_no_subject,611,0.041408519440383436,1.0,0.0,1.0,0.004146991649706605,0.9994463837654667,0.0,0.0036661232746954637,0.0001227494737715651,0.0029412530199319745,0.0,0.029459901800327332,1.0,0.8919803600654664,0.8919803600654664,0.09229065999333799
session_pre3,pre3_label3_response_coverage,session_level_split,pre3_label3_response_coverage,session_level_split,train,rbf_kernel_ridge_context_no_subject,611,0.44685701039987585,0.8903436988543372,0.10965630114566285,0.6993464052287581,0.39889846038250115,0.8798745868069012,0.15384615384615385,0.4776186561623494,0.2681751227686136,0.3929669066645135,0.2864157119476268,0.11129296235679215,0.062193126022913256,0.8919803600654664,0.9754500818330606,0.7281907724039152
session_pre3,pre3_label3_response_coverage,session_level_split,pre3_label3_response_coverage,session_level_split,val,direction_gated_knn_template_no_subject,156,0.8902165645819893,0.8012820512820513,0.1987179487179487,0.24444444444444444,0.8203644972199049,2.3622113156253355,0.25,0.6529166635412437,0.4753205095871519,0.8954710633335754,0.5448717948717948,0.22435897435897437,0.00641025641025641,0.8717948717948718,1.0,1.4218741572163949
session_pre3,pre3_label3_response_coverage,session_level_split,pre3_label3_response_coverage,session_level_split,val,formal_ridge_vehicle_context_no_subject,156,0.9547843812758747,0.6923076923076923,0.3076923076923077,0.0,1.1091095463205607,1.5867920971422884,0.6794871794871795,0.8720192280717385,0.997884614739376,0.9411842686473736,0.5705128205128205,0.1858974358974359,0.08974358974358974,0.8717948717948718,0.9935897435897436,1.5381649700043305
session_pre3,pre3_label3_response_coverage,session_level_split,pre3_label3_response_coverage,session_level_split,val,knn_template_context_no_subject,156,0.9222824663655721,0.7692307692307693,0.23076923076923078,0.1111111111111111,0.9150303460848637,1.6142405849528239,0.4230769230769231,0.6732371749404149,0.5912820463641905,0.9007339629356582,0.6089743589743589,0.1987179487179487,0.0,0.8717948717948718,1.0,1.555668375816564
session_pre3,pre3_label3_response_coverage,session_level_split,pre3_label3_response_coverage,session_level_split,val,peak_scaled_template_context_no_subject,156,0.9027385765932238,0.8012820512820513,0.1987179487179487,0.26666666666666666,0.8246854600998071,1.85365322818982,0.24358974358974358,0.6255769200431995,0.47637820449204016,0.9262263868959286,0.5641025641025641,0.23076923076923078,0.00641025641025641,0.8717948717948718,1.0,1.4971328541367064
session_pre3,pre3_label3_response_coverage,session_level_split,pre3_label3_response_coverage,session_level_split,val,rbf_kernel_ridge_context_no_subject,156,0.9252903462185744,0.7948717948717948,0.20512820512820512,0.2222222222222222,0.8825799773614376,2.6227145293749157,0.34615384615384615,0.7015064060688019,0.5304166642256464,0.9000555622452595,0.5448717948717948,0.19230769230769232,0.01282051282051282,0.8717948717948718,0.9807692307692307,1.4715124851161128
