seed,fold,population,model,channel,windows,mae,rmse,endpoint_mae
20260904,1,all_continuous,hold,steer_deg,100641,9.683025360107422,25.459707260131836,16.32120132446289
20260904,1,all_continuous,hold,brake,100641,0.014714946039021015,0.06170611083507538,0.024924054741859436
20260904,1,all_continuous,hold,accelerator,100641,0.055438604205846786,0.11435414105653763,0.07968135178089142
20260904,1,all_continuous,hold,speed_kmh,100641,1.462834358215332,2.7830326557159424,2.756098747253418
20260904,1,all_continuous,hold,action_macro,100641,1.1132253408432007,3.3005897998809814,1.7854493856430054
20260904,1,all_continuous,linear,steer_deg,100641,14.182589530944824,39.14942169189453,27.943796157836914
20260904,1,all_continuous,linear,brake,100641,0.04322630539536476,0.08119188249111176,0.05714701861143112
20260904,1,all_continuous,linear,accelerator,100641,0.07164238393306732,0.13283686339855194,0.11240632086992264
20260904,1,all_continuous,linear,speed_kmh,100641,0.5310869812965393,1.8125967979431152,1.1692956686019897
20260904,1,all_continuous,linear,action_macro,100641,1.7112984657287598,4.864915370941162,2.9932751655578613
20260904,1,all_continuous,extra_trees,steer_deg,100641,7.763922691345215,18.992855072021484,12.269161224365234
20260904,1,all_continuous,extra_trees,brake,100641,0.01616087183356285,0.05435923486948013,0.027058886364102364
20260904,1,all_continuous,extra_trees,accelerator,100641,0.062399934977293015,0.10945083200931549,0.09294059127569199
20260904,1,all_continuous,extra_trees,speed_kmh,100641,0.47505202889442444,1.3004924058914185,1.0110381841659546
20260904,1,all_continuous,extra_trees,action_macro,100641,1.0413336753845215,2.6078667640686035,1.6179404258728027
20260904,1,all_continuous,transformer,steer_deg,100641,8.167826652526855,20.078432083129883,12.918601989746094
20260904,1,all_continuous,transformer,brake,100641,0.016167212277650833,0.05811699107289314,0.025967013090848923
20260904,1,all_continuous,transformer,accelerator,100641,0.05722260847687721,0.11083716154098511,0.08121771365404129
20260904,1,all_continuous,transformer,speed_kmh,100641,0.5974129438400269,1.7459791898727417,1.2005022764205933
20260904,1,all_continuous,transformer,action_macro,100641,1.0337872505187988,2.73195481300354,1.5758047103881836
20260904,1,all_continuous,et_transformer_residual,steer_deg,100641,7.716982841491699,18.856454849243164,12.212078094482422
20260904,1,all_continuous,et_transformer_residual,brake,100641,0.01628854125738144,0.05596860125660896,0.025326410308480263
20260904,1,all_continuous,et_transformer_residual,accelerator,100641,0.05643803998827934,0.10932488739490509,0.08166445791721344
20260904,1,all_continuous,et_transformer_residual,speed_kmh,100641,0.46978819370269775,1.2886395454406738,0.9747859835624695
20260904,1,all_continuous,et_transformer_residual,action_macro,100641,0.9993096590042114,2.598487138748169,1.5274111032485962
20260904,1,distance_v2_305,hold,steer_deg,108,11.087183952331543,22.959964752197266,22.719446182250977
20260904,1,distance_v2_305,hold,brake,108,0.023346316069364548,0.06490451097488403,0.04842958226799965
20260904,1,distance_v2_305,hold,accelerator,108,0.10164500772953033,0.19974909722805023,0.17829002439975739
20260904,1,distance_v2_305,hold,speed_kmh,108,1.2691810131072998,2.2970473766326904,2.3914663791656494
20260904,1,distance_v2_305,hold,action_macro,108,1.5724209547042847,3.5931100845336914,3.0260937213897705
20260904,1,distance_v2_305,linear,steer_deg,108,14.025128364562988,27.28948211669922,30.653247833251953
20260904,1,distance_v2_305,linear,brake,108,0.04637305811047554,0.06854706257581711,0.06818004697561264
20260904,1,distance_v2_305,linear,accelerator,108,0.1101377010345459,0.20192159712314606,0.2032739520072937
20260904,1,distance_v2_305,linear,speed_kmh,108,0.7274894714355469,1.6783090829849243,1.6890478134155273
20260904,1,distance_v2_305,linear,action_macro,108,1.978413701057434,3.9990434646606445,3.853242874145508
20260904,1,distance_v2_305,extra_trees,steer_deg,108,10.3744535446167,21.2612247467041,21.069583892822266
20260904,1,distance_v2_305,extra_trees,brake,108,0.022992543876171112,0.05641321837902069,0.04686616361141205
20260904,1,distance_v2_305,extra_trees,accelerator,108,0.10618184506893158,0.18038132786750793,0.17287254333496094
20260904,1,distance_v2_305,extra_trees,speed_kmh,108,0.5631030201911926,1.1883295774459839,1.3002458810806274
20260904,1,distance_v2_305,extra_trees,action_macro,108,1.5527929067611694,3.284789800643921,2.8695638179779053
20260904,1,distance_v2_305,transformer,steer_deg,108,10.339801788330078,21.446964263916016,21.128795623779297
20260904,1,distance_v2_305,transformer,brake,108,0.02361876517534256,0.060107242316007614,0.04667326807975769
20260904,1,distance_v2_305,transformer,accelerator,108,0.10520926862955093,0.1965477466583252,0.18015919625759125
20260904,1,distance_v2_305,transformer,speed_kmh,108,0.5922195315361023,1.2542487382888794,1.3766003847122192
20260904,1,distance_v2_305,transformer,action_macro,108,1.5481737852096558,3.4300849437713623,2.9208028316497803
20260904,1,distance_v2_305,et_transformer_residual,steer_deg,108,10.396004676818848,21.338153839111328,20.795597076416016
20260904,1,distance_v2_305,et_transformer_residual,brake,108,0.023154810070991516,0.05904514342546463,0.0465439036488533
20260904,1,distance_v2_305,et_transformer_residual,accelerator,108,0.10240107029676437,0.1898394674062729,0.17292071878910065
20260904,1,distance_v2_305,et_transformer_residual,speed_kmh,108,0.5521612167358398,1.2005807161331177,1.28943932056427
20260904,1,distance_v2_305,et_transformer_residual,action_macro,108,1.5301061868667603,3.367630958557129,2.849470376968384
20260904,1,low_mu_v2_70,hold,steer_deg,26,3.0415921211242676,5.656271934509277,3.823478937149048
20260904,1,low_mu_v2_70,hold,brake,26,0.006432712078094482,0.02803609147667885,0.010138778015971184
20260904,1,low_mu_v2_70,hold,accelerator,26,0.06432563811540604,0.1257041096687317,0.08575285971164703
20260904,1,low_mu_v2_70,hold,speed_kmh,26,0.49229931831359863,0.9342008829116821,0.955128014087677
20260904,1,low_mu_v2_70,hold,action_macro,26,0.6744951009750366,1.6242696046829224,0.894176185131073
20260904,1,low_mu_v2_70,linear,steer_deg,26,7.297981262207031,15.51805305480957,12.62665843963623
20260904,1,low_mu_v2_70,linear,brake,26,0.03283775597810745,0.038242947310209274,0.03927791118621826
20260904,1,low_mu_v2_70,linear,accelerator,26,0.09271164238452911,0.17327938973903656,0.13822786509990692
20260904,1,low_mu_v2_70,linear,speed_kmh,26,0.18803061544895172,0.42116260528564453,0.4411161541938782
20260904,1,low_mu_v2_70,linear,action_macro,26,1.3235281705856323,2.7219908237457275,2.02514910697937
20260904,1,low_mu_v2_70,extra_trees,steer_deg,26,2.3447654247283936,3.3456976413726807,2.771848440170288
20260904,1,low_mu_v2_70,extra_trees,brake,26,0.008239483460783958,0.02533651888370514,0.01405295729637146
20260904,1,low_mu_v2_70,extra_trees,accelerator,26,0.06896445900201797,0.11897248774766922,0.09066589176654816
20260904,1,low_mu_v2_70,extra_trees,speed_kmh,26,0.2271060198545456,0.3479733169078827,0.48338747024536133
20260904,1,low_mu_v2_70,extra_trees,action_macro,26,0.6710106730461121,1.4567433595657349,0.8829154968261719
20260904,1,low_mu_v2_70,transformer,steer_deg,26,2.983943223953247,4.202552318572998,3.2114663124084473
20260904,1,low_mu_v2_70,transformer,brake,26,0.007621896453201771,0.027043988928198814,0.010628323070704937
20260904,1,low_mu_v2_70,transformer,accelerator,26,0.06507030129432678,0.1233648881316185,0.08281444758176804
20260904,1,low_mu_v2_70,transformer,speed_kmh,26,0.22303761541843414,0.39930662512779236,0.4613300561904907
20260904,1,low_mu_v2_70,transformer,action_macro,26,0.6835441589355469,1.536941409111023,0.8370495438575745
20260904,1,low_mu_v2_70,et_transformer_residual,steer_deg,26,2.5513174533843994,3.738940715789795,3.1542906761169434
20260904,1,low_mu_v2_70,et_transformer_residual,brake,26,0.008711612783372402,0.022571638226509094,0.012174203060567379
20260904,1,low_mu_v2_70,et_transformer_residual,accelerator,26,0.06292518228292465,0.12033309042453766,0.08224495500326157
20260904,1,low_mu_v2_70,et_transformer_residual,speed_kmh,26,0.2062031328678131,0.3231339752674103,0.4623136520385742
20260904,1,low_mu_v2_70,et_transformer_residual,action_macro,26,0.6476665139198303,1.4781744480133057,0.8397470116615295
20260904,1,high_dynamic_not_started,hold,steer_deg,2266,12.915416717529297,33.95083999633789,27.57421112060547
20260904,1,high_dynamic_not_started,hold,brake,2266,0.05204841494560242,0.11962547153234482,0.08938103169202805
20260904,1,high_dynamic_not_started,hold,accelerator,2266,0.037488263100385666,0.11867737025022507,0.0781068205833435
20260904,1,high_dynamic_not_started,hold,speed_kmh,2266,4.004502296447754,6.384419918060303,7.211670875549316
20260904,1,high_dynamic_not_started,hold,action_macro,2266,1.4579389095306396,4.376612663269043,2.954866647720337
20260904,1,high_dynamic_not_started,linear,steer_deg,2266,13.246702194213867,34.031982421875,28.280925750732422
20260904,1,high_dynamic_not_started,linear,brake,2266,0.0682942271232605,0.12283319979906082,0.1080608069896698
20260904,1,high_dynamic_not_started,linear,accelerator,2266,0.040078055113554,0.12003236263990402,0.08299879729747772
20260904,1,high_dynamic_not_started,linear,speed_kmh,2266,1.6503187417984009,5.2178955078125,3.677694320678711
20260904,1,high_dynamic_not_started,linear,action_macro,2266,1.6055954694747925,4.401717185974121,3.159125566482544
20260904,1,high_dynamic_not_started,extra_trees,steer_deg,2266,14.332379341125488,28.148509979248047,26.12647819519043
20260904,1,high_dynamic_not_started,extra_trees,brake,2266,0.051339443773031235,0.10182125866413116,0.08177954703569412
20260904,1,high_dynamic_not_started,extra_trees,accelerator,2266,0.047832388430833817,0.11281074583530426,0.09388592839241028
20260904,1,high_dynamic_not_started,extra_trees,speed_kmh,2266,1.3034363985061646,3.2522332668304443,2.678469657897949
20260904,1,high_dynamic_not_started,extra_trees,action_macro,2266,1.6166373491287231,3.693737030029297,2.9128684997558594
20260904,1,high_dynamic_not_started,transformer,steer_deg,2266,14.238882064819336,28.594892501831055,26.520002365112305
20260904,1,high_dynamic_not_started,transformer,brake,2266,0.050264500081539154,0.1092519536614418,0.08089345693588257
20260904,1,high_dynamic_not_started,transformer,accelerator,2266,0.047563586384058,0.1152348667383194,0.08855213969945908
20260904,1,high_dynamic_not_started,transformer,speed_kmh,2266,1.9882599115371704,4.565861701965332,3.99843168258667
20260904,1,high_dynamic_not_started,transformer,action_macro,2266,1.6014459133148193,3.776803970336914,2.8976376056671143
20260904,1,high_dynamic_not_started,et_transformer_residual,steer_deg,2266,14.5023775100708,28.694820404052734,26.637760162353516
20260904,1,high_dynamic_not_started,et_transformer_residual,brake,2266,0.05040713772177696,0.10557999461889267,0.08000823855400085
20260904,1,high_dynamic_not_started,et_transformer_residual,accelerator,2266,0.04506966471672058,0.11527096480131149,0.08753398805856705
20260904,1,high_dynamic_not_started,et_transformer_residual,speed_kmh,2266,1.2995036840438843,3.2461979389190674,2.6387972831726074
20260904,1,high_dynamic_not_started,et_transformer_residual,action_macro,2266,1.603337287902832,3.77312970161438,2.892798662185669
20260904,1,action_started,hold,steer_deg,82194,10.86745834350586,27.353967666625977,18.07960319519043
20260904,1,action_started,hold,brake,82194,0.013378152623772621,0.059950340539216995,0.022763120010495186
20260904,1,action_started,hold,accelerator,82194,0.06043718382716179,0.11861572414636612,0.0850960910320282
20260904,1,action_started,hold,speed_kmh,82194,1.4590356349945068,2.7651026248931885,2.7534902095794678
20260904,1,action_started,hold,action_macro,82194,1.216599464416504,3.5116515159606934,1.9243685007095337
20260904,1,action_started,linear,steer_deg,82194,16.27355194091797,42.77507400512695,32.0511474609375
20260904,1,action_started,linear,brake,82194,0.04355202615261078,0.08302997052669525,0.05737074837088585
20260904,1,action_started,linear,accelerator,82194,0.07914553582668304,0.1397354006767273,0.12293199449777603
20260904,1,action_started,linear,speed_kmh,82194,0.550717294216156,1.7661243677139282,1.2006677389144897
20260904,1,action_started,linear,action_macro,82194,1.9028877019882202,5.283819675445557,3.3387608528137207
20260904,1,action_started,extra_trees,steer_deg,82194,8.52352237701416,20.23137664794922,13.296184539794922
20260904,1,action_started,extra_trees,brake,82194,0.014146767556667328,0.052098214626312256,0.023918762803077698
20260904,1,action_started,extra_trees,accelerator,82194,0.06624297052621841,0.1134716123342514,0.09688541293144226
20260904,1,action_started,extra_trees,speed_kmh,82194,0.4710560142993927,1.2647621631622314,0.9995296001434326
20260904,1,action_started,extra_trees,action_macro,82194,1.1041667461395264,2.7451984882354736,1.6917738914489746
20260904,1,action_started,transformer,steer_deg,82194,8.95423698425293,21.45015525817871,14.022497177124023
20260904,1,action_started,transformer,brake,82194,0.014723125845193863,0.05646058917045593,0.023693904280662537
20260904,1,action_started,transformer,accelerator,82194,0.06080062314867973,0.11506471782922745,0.08494359999895096
20260904,1,action_started,transformer,speed_kmh,82194,0.5935236215591431,1.7199777364730835,1.1918797492980957
20260904,1,action_started,transformer,action_macro,82194,1.1004406213760376,2.88533353805542,1.6590832471847534
20260904,1,action_started,et_transformer_residual,steer_deg,82194,8.440403938293457,20.04901695251465,13.206329345703125
20260904,1,action_started,et_transformer_residual,brake,82194,0.014790825545787811,0.05400156229734421,0.022832060232758522
20260904,1,action_started,et_transformer_residual,accelerator,82194,0.060358334332704544,0.11336182057857513,0.08562596142292023
20260904,1,action_started,et_transformer_residual,speed_kmh,82194,0.46136677265167236,1.2495458126068115,0.9516554474830627
20260904,1,action_started,et_transformer_residual,action_macro,82194,1.063687801361084,2.7316277027130127,1.6034753322601318
20260904,1,ordinary,hold,steer_deg,16181,3.2138185501098633,8.328680038452148,5.813233375549316
20260904,1,ordinary,hold,brake,16181,0.016277208924293518,0.058496709913015366,0.026874255388975143
20260904,1,ordinary,hold,accelerator,16181,0.032561443746089935,0.08884000033140182,0.052396852523088455
20260904,1,ordinary,hold,speed_kmh,16181,1.1261942386627197,1.9044803380966187,2.1453895568847656
20260904,1,ordinary,hold,action_macro,16181,0.5398455262184143,1.5599615573883057,0.9160230159759521
20260904,1,ordinary,linear,steer_deg,16181,3.6922452449798584,8.735616683959961,7.032621383666992
20260904,1,ordinary,linear,brake,16181,0.03806126117706299,0.06220170855522156,0.04888051003217697
20260904,1,ordinary,linear,accelerator,16181,0.03794923797249794,0.09245270490646362,0.06305766850709915
20260904,1,ordinary,linear,speed_kmh,16181,0.2746330201625824,0.8818202614784241,0.6586576700210571
20260904,1,ordinary,linear,action_macro,16181,0.7528862357139587,1.6349374055862427,1.2150959968566895
20260904,1,ordinary,extra_trees,steer_deg,16181,2.985534191131592,7.315371036529541,5.111633777618408
20260904,1,ordinary,extra_trees,brake,16181,0.02146543189883232,0.05603167787194252,0.03534653037786484
20260904,1,ordinary,extra_trees,accelerator,16181,0.04491863027215004,0.085567906498909,0.07276976853609085
20260904,1,ordinary,extra_trees,speed_kmh,16181,0.37934252619743347,0.9552485346794128,0.8359894156455994
20260904,1,ordinary,extra_trees,action_macro,16181,0.6415959596633911,1.4520275592803955,1.0615508556365967
20260904,1,ordinary,transformer,steer_deg,16181,3.3229427337646484,7.464962482452393,5.40642786026001
20260904,1,ordinary,transformer,brake,16181,0.018727673217654228,0.05606342852115631,0.029821692034602165
20260904,1,ordinary,transformer,accelerator,16181,0.040400031954050064,0.0854080319404602,0.061264317482709885
20260904,1,ordinary,transformer,speed_kmh,16181,0.42239513993263245,1.0068200826644897,0.8524771928787231
20260904,1,ordinary,transformer,action_macro,16181,0.6157142519950867,1.4610592126846313,0.9676685929298401
20260904,1,ordinary,et_transformer_residual,steer_deg,16181,3.0920186042785645,7.37351131439209,5.141438007354736
20260904,1,ordinary,et_transformer_residual,brake,16181,0.019118426367640495,0.05575764179229736,0.03033917397260666
20260904,1,ordinary,et_transformer_residual,accelerator,16181,0.038116466253995895,0.0848436951637268,0.06071934849023819
20260904,1,ordinary,et_transformer_residual,speed_kmh,16181,0.3963724970817566,0.9599297642707825,0.8592520356178284
20260904,1,ordinary,et_transformer_residual,action_macro,16181,0.5877006649971008,1.4488723278045654,0.9498193860054016
20260904,1,release_v3_historical_2323,hold,steer_deg,730,25.63962745666504,40.9254264831543,39.765892028808594
20260904,1,release_v3_historical_2323,linear,steer_deg,730,36.06099319458008,54.93734359741211,78.80657958984375
20260904,1,release_v3_historical_2323,extra_trees,steer_deg,730,18.17861557006836,28.466293334960938,28.17782974243164
20260904,1,release_v3_historical_2323,transformer,steer_deg,730,18.09916877746582,29.402067184448242,27.910669326782227
20260904,1,release_v3_historical_2323,et_transformer_residual,steer_deg,730,17.51041603088379,27.743654251098633,27.59434700012207
20260904,2,all_continuous,hold,steer_deg,101916,9.222911834716797,20.50787353515625,15.210086822509766
20260904,2,all_continuous,hold,brake,101916,0.010616948828101158,0.05168492719531059,0.01797446236014366
20260904,2,all_continuous,hold,accelerator,101916,0.05321440100669861,0.10523558408021927,0.0767965018749237
20260904,2,all_continuous,hold,speed_kmh,101916,1.2227205038070679,2.373476028442383,2.300454616546631
20260904,2,all_continuous,hold,action_macro,101916,1.0404024124145508,2.7277133464813232,1.6458121538162231
20260904,2,all_continuous,linear,steer_deg,101916,13.695425033569336,31.084203720092773,26.77815818786621
20260904,2,all_continuous,linear,brake,101916,0.03793998062610626,0.06807903945446014,0.047522012144327164
20260904,2,all_continuous,linear,accelerator,101916,0.06915103644132614,0.1274200826883316,0.11067040264606476
20260904,2,all_continuous,linear,speed_kmh,101916,0.4360333979129791,1.4701712131500244,0.9624417424201965
20260904,2,all_continuous,linear,action_macro,101916,1.6269687414169312,3.958003520965576,2.839826822280884
20260904,2,all_continuous,extra_trees,steer_deg,101916,7.1025776863098145,14.907113075256348,10.99282169342041
20260904,2,all_continuous,extra_trees,brake,101916,0.014524206519126892,0.04698439687490463,0.024486562237143517
20260904,2,all_continuous,extra_trees,accelerator,101916,0.058149583637714386,0.09911362826824188,0.08518386632204056
20260904,2,all_continuous,extra_trees,speed_kmh,101916,0.38151124119758606,1.0425275564193726,0.8402091860771179
20260904,2,all_continuous,extra_trees,action_macro,101916,0.9579967856407166,2.1370770931243896,1.4639910459518433
20260904,2,all_continuous,transformer,steer_deg,101916,7.158027172088623,15.35050106048584,11.152791023254395
20260904,2,all_continuous,transformer,brake,101916,0.012818517163395882,0.048467475920915604,0.020375903695821762
20260904,2,all_continuous,transformer,accelerator,101916,0.05632654204964638,0.10203903168439865,0.0801461935043335
20260904,2,all_continuous,transformer,speed_kmh,101916,0.4610142707824707,1.2747058868408203,0.9510960578918457
20260904,2,all_continuous,transformer,action_macro,101916,0.9381681680679321,2.2007532119750977,1.4136667251586914
20260904,2,all_continuous,et_transformer_residual,steer_deg,101916,7.030013561248779,14.796525001525879,10.885455131530762
20260904,2,all_continuous,et_transformer_residual,brake,101916,0.012550575658679008,0.04691765457391739,0.019770361483097076
20260904,2,all_continuous,et_transformer_residual,accelerator,101916,0.05433899909257889,0.10059311240911484,0.07919277995824814
20260904,2,all_continuous,et_transformer_residual,speed_kmh,101916,0.38738879561424255,1.0329875946044922,0.8122730851173401
20260904,2,all_continuous,et_transformer_residual,action_macro,101916,0.9145984053611755,2.1358511447906494,1.3854514360427856
20260904,2,distance_v2_305,hold,steer_deg,92,13.1896390914917,21.63368797302246,30.052719116210938
20260904,2,distance_v2_305,hold,brake,92,0.020214835181832314,0.05905427783727646,0.038300201296806335
20260904,2,distance_v2_305,hold,accelerator,92,0.07294169813394547,0.1368798315525055,0.13112856447696686
20260904,2,distance_v2_305,hold,speed_kmh,92,1.5112086534500122,2.6941239833831787,2.8337595462799072
20260904,2,distance_v2_305,hold,action_macro,92,1.5003527402877808,3.0337026119232178,3.133039712905884
20260904,2,distance_v2_305,linear,steer_deg,92,16.833086013793945,28.418581008911133,36.559871673583984
20260904,2,distance_v2_305,linear,brake,92,0.047931041568517685,0.07710413634777069,0.07271486520767212
20260904,2,distance_v2_305,linear,accelerator,92,0.08168423920869827,0.1554749310016632,0.15221591293811798
20260904,2,distance_v2_305,linear,speed_kmh,92,0.652010440826416,1.3923017978668213,1.5346896648406982
20260904,2,distance_v2_305,linear,action_macro,92,1.9863076210021973,3.8449807167053223,3.9368631839752197
20260904,2,distance_v2_305,extra_trees,steer_deg,92,10.722372055053711,18.411453247070312,25.41908073425293
20260904,2,distance_v2_305,extra_trees,brake,92,0.021255865693092346,0.050817955285310745,0.04052286595106125
20260904,2,distance_v2_305,extra_trees,accelerator,92,0.07853814214468002,0.127966970205307,0.14371998608112335
20260904,2,distance_v2_305,extra_trees,speed_kmh,92,0.40768539905548096,0.8376452922821045,0.9864768385887146
20260904,2,distance_v2_305,extra_trees,action_macro,92,1.3801182508468628,2.6547107696533203,2.922891139984131
20260904,2,distance_v2_305,transformer,steer_deg,92,10.251910209655762,17.53730583190918,24.318876266479492
20260904,2,distance_v2_305,transformer,brake,92,0.021675992757081985,0.055228427052497864,0.03998730331659317
20260904,2,distance_v2_305,transformer,accelerator,92,0.07854864001274109,0.13713949918746948,0.14315533638000488
20260904,2,distance_v2_305,transformer,speed_kmh,92,0.5459102988243103,1.489724040031433,1.245192289352417
20260904,2,distance_v2_305,transformer,action_macro,92,1.351624846458435,2.6486005783081055,2.8422093391418457
20260904,2,distance_v2_305,et_transformer_residual,steer_deg,92,10.665775299072266,18.395668029785156,24.67456817626953
20260904,2,distance_v2_305,et_transformer_residual,brake,92,0.020655326545238495,0.053297869861125946,0.03804823383688927
20260904,2,distance_v2_305,et_transformer_residual,accelerator,92,0.07645072788000107,0.1334056854248047,0.14096491038799286
20260904,2,distance_v2_305,et_transformer_residual,speed_kmh,92,0.39000582695007324,0.789616048336029,0.9394065737724304
20260904,2,distance_v2_305,et_transformer_residual,action_macro,92,1.358425498008728,2.695126533508301,2.8383922576904297
20260904,2,low_mu_v2_70,hold,steer_deg,22,4.7686448097229,7.739136695861816,6.635988235473633
20260904,2,low_mu_v2_70,hold,brake,22,0.006325492635369301,0.02667396143078804,0.011418172158300877
20260904,2,low_mu_v2_70,hold,accelerator,22,0.04624074697494507,0.08556445688009262,0.06432902067899704
20260904,2,low_mu_v2_70,hold,speed_kmh,22,0.6019847393035889,0.9596379995346069,1.0916138887405396
20260904,2,low_mu_v2_70,hold,action_macro,22,0.6683512330055237,1.3673429489135742,0.9473804235458374
20260904,2,low_mu_v2_70,linear,steer_deg,22,8.001934051513672,13.141648292541504,13.564754486083984
20260904,2,low_mu_v2_70,linear,brake,22,0.032754961401224136,0.03535980358719826,0.032140739262104034
20260904,2,low_mu_v2_70,linear,accelerator,22,0.06219060346484184,0.10671438276767731,0.09882864356040955
20260904,2,low_mu_v2_70,linear,speed_kmh,22,0.25941184163093567,0.6751592755317688,0.5572988986968994
20260904,2,low_mu_v2_70,linear,action_macro,22,1.1664327383041382,1.9969499111175537,1.7774460315704346
20260904,2,low_mu_v2_70,extra_trees,steer_deg,22,3.96292781829834,5.8563008308410645,4.917972087860107
20260904,2,low_mu_v2_70,extra_trees,brake,22,0.010028728283941746,0.025971900671720505,0.016557378694415092
20260904,2,low_mu_v2_70,extra_trees,accelerator,22,0.05493393912911415,0.08788686245679855,0.08511460572481155
20260904,2,low_mu_v2_70,extra_trees,speed_kmh,22,0.24489951133728027,0.41238388419151306,0.5002909898757935
20260904,2,low_mu_v2_70,extra_trees,action_macro,22,0.6972796320915222,1.2558273077011108,1.0056781768798828
20260904,2,low_mu_v2_70,transformer,steer_deg,22,3.6699352264404297,5.314853668212891,4.7981648445129395
20260904,2,low_mu_v2_70,transformer,brake,22,0.0073602222837507725,0.019488947466015816,0.009712069295346737
20260904,2,low_mu_v2_70,transformer,accelerator,22,0.051785022020339966,0.08575337380170822,0.07528693228960037
20260904,2,low_mu_v2_70,transformer,speed_kmh,22,0.18074028193950653,0.31602585315704346,0.355643093585968
20260904,2,low_mu_v2_70,transformer,action_macro,22,0.6389639377593994,1.1864922046661377,0.8865376114845276
20260904,2,low_mu_v2_70,et_transformer_residual,steer_deg,22,4.013609886169434,5.654632568359375,4.974857807159424
20260904,2,low_mu_v2_70,et_transformer_residual,brake,22,0.007492465432733297,0.02123541571199894,0.01135935727506876
20260904,2,low_mu_v2_70,et_transformer_residual,accelerator,22,0.04847444221377373,0.08469123393297195,0.07438420504331589
20260904,2,low_mu_v2_70,et_transformer_residual,speed_kmh,22,0.2297271341085434,0.40894195437431335,0.48849451541900635
20260904,2,low_mu_v2_70,et_transformer_residual,action_macro,22,0.6406867504119873,1.2011680603027344,0.9032809734344482
20260904,2,high_dynamic_not_started,hold,steer_deg,1714,13.948095321655273,31.257593154907227,28.027462005615234
20260904,2,high_dynamic_not_started,hold,brake,1714,0.033087555319070816,0.08948693424463272,0.058730099350214005
20260904,2,high_dynamic_not_started,hold,accelerator,1714,0.024493923410773277,0.08499982953071594,0.04723687097430229
20260904,2,high_dynamic_not_started,hold,speed_kmh,1714,3.3744759559631348,5.435163974761963,6.105399131774902
20260904,2,high_dynamic_not_started,hold,action_macro,1714,1.3137496709823608,3.8804914951324463,2.574943780899048
20260904,2,high_dynamic_not_started,linear,steer_deg,1714,14.374678611755371,31.765121459960938,29.01711082458496
20260904,2,high_dynamic_not_started,linear,brake,1714,0.049087487161159515,0.09241057932376862,0.07593727856874466
20260904,2,high_dynamic_not_started,linear,accelerator,1714,0.025775711983442307,0.08594171702861786,0.049767982214689255
20260904,2,high_dynamic_not_started,linear,speed_kmh,1714,1.2488304376602173,3.0251030921936035,2.767604351043701
20260904,2,high_dynamic_not_started,linear,action_macro,1714,1.4573999643325806,3.9467787742614746,2.7725090980529785
20260904,2,high_dynamic_not_started,extra_trees,steer_deg,1714,12.24953556060791,23.05844497680664,21.21340560913086
20260904,2,high_dynamic_not_started,extra_trees,brake,1714,0.040692299604415894,0.07921139150857925,0.06556600332260132
20260904,2,high_dynamic_not_started,extra_trees,accelerator,1714,0.03926248848438263,0.08019129931926727,0.07236485928297043
20260904,2,high_dynamic_not_started,extra_trees,speed_kmh,1714,1.0051747560501099,2.105402708053589,2.0627002716064453
20260904,2,high_dynamic_not_started,extra_trees,action_macro,1714,1.3496675491333008,2.9636526107788086,2.333766222000122
20260904,2,high_dynamic_not_started,transformer,steer_deg,1714,13.557592391967773,25.465261459350586,24.513702392578125
20260904,2,high_dynamic_not_started,transformer,brake,1714,0.03650733083486557,0.08204717189073563,0.06112316623330116
20260904,2,high_dynamic_not_started,transformer,accelerator,1714,0.03416864946484566,0.08204570412635803,0.05933719128370285
20260904,2,high_dynamic_not_started,transformer,speed_kmh,1714,1.4185423851013184,2.836026191711426,2.867753744125366
20260904,2,high_dynamic_not_started,transformer,action_macro,1714,1.375012755393982,3.2313296794891357,2.4373157024383545
20260904,2,high_dynamic_not_started,et_transformer_residual,steer_deg,1714,12.128665924072266,23.306175231933594,21.05491828918457
20260904,2,high_dynamic_not_started,et_transformer_residual,brake,1714,0.03455672413110733,0.07865290343761444,0.05738978087902069
20260904,2,high_dynamic_not_started,et_transformer_residual,accelerator,1714,0.03353321552276611,0.0815814882516861,0.06017613410949707
20260904,2,high_dynamic_not_started,et_transformer_residual,speed_kmh,1714,1.0053547620773315,2.1187758445739746,2.001901626586914
20260904,2,high_dynamic_not_started,et_transformer_residual,action_macro,1714,1.2625105381011963,2.9924256801605225,2.187433958053589
20260904,2,action_started,hold,steer_deg,82401,10.26268482208252,21.98943328857422,16.761476516723633
20260904,2,action_started,hold,brake,82401,0.009988072328269482,0.05060936510562897,0.0166269913315773
20260904,2,action_started,hold,accelerator,82401,0.058547962456941605,0.10992410778999329,0.0829227939248085
20260904,2,action_started,hold,speed_kmh,82401,1.2433011531829834,2.4149279594421387,2.341050863265991
20260904,2,action_started,hold,action_macro,82401,1.141086220741272,2.89823317527771,1.7810969352722168
20260904,2,action_started,linear,steer_deg,82401,15.637490272521973,33.987613677978516,30.686368942260742
20260904,2,action_started,linear,brake,82401,0.0383906252682209,0.06986106187105179,0.047875482589006424
20260904,2,action_started,linear,accelerator,82401,0.07722349464893341,0.1353985071182251,0.12276118993759155
20260904,2,action_started,linear,speed_kmh,82401,0.46846917271614075,1.5408921241760254,1.020965337753296
20260904,2,action_started,linear,action_macro,82401,1.8132597208023071,4.300839424133301,3.183335542678833
20260904,2,action_started,extra_trees,steer_deg,82401,7.774717330932617,15.873767852783203,11.911001205444336
20260904,2,action_started,extra_trees,brake,82401,0.012557270005345345,0.04521778225898743,0.021063050255179405
20260904,2,action_started,extra_trees,accelerator,82401,0.06191128119826317,0.10356827825307846,0.08902252465486526
20260904,2,action_started,extra_trees,speed_kmh,82401,0.3861702084541321,1.065619945526123,0.8471375703811646
20260904,2,action_started,extra_trees,action_macro,82401,1.0147721767425537,2.249998092651367,1.527970552444458
20260904,2,action_started,transformer,steer_deg,82401,7.752671718597412,16.29833984375,11.963183403015137
20260904,2,action_started,transformer,brake,82401,0.011886081658303738,0.047285083681344986,0.018623337149620056
20260904,2,action_started,transformer,accelerator,82401,0.060616400092840195,0.10681727528572083,0.08488764613866806
20260904,2,action_started,transformer,speed_kmh,82401,0.4575226902961731,1.298125982284546,0.946917712688446
20260904,2,action_started,transformer,action_macro,82401,1.0001949071884155,2.3154375553131104,1.4876186847686768
20260904,2,action_started,et_transformer_residual,steer_deg,82401,7.668447017669678,15.73576831817627,11.795502662658691
20260904,2,action_started,et_transformer_residual,brake,82401,0.011436553671956062,0.045627154409885406,0.017550140619277954
20260904,2,action_started,et_transformer_residual,accelerator,82401,0.05857979506254196,0.10513730347156525,0.08361237496137619
20260904,2,action_started,et_transformer_residual,speed_kmh,82401,0.3851316571235657,1.0511149168014526,0.8082152009010315
20260904,2,action_started,et_transformer_residual,action_macro,82401,0.9780052304267883,2.247875690460205,1.46078360080719
20260904,2,ordinary,hold,steer_deg,17801,3.9548237323760986,8.691352844238281,6.7945475578308105
20260904,2,ordinary,hold,brake,17801,0.011364370584487915,0.05164095014333725,0.020287688821554184
20260904,2,ordinary,hold,accelerator,17801,0.031290508806705475,0.08231348544359207,0.051284059882164
20260904,2,ordinary,hold,speed_kmh,17801,0.9202698469161987,1.5532537698745728,1.746167540550232
20260904,2,ordinary,hold,action_macro,17801,0.5480210185050964,1.5053796768188477,0.9301148056983948
20260904,2,ordinary,linear,steer_deg,17801,4.640166282653809,9.35671329498291,8.471440315246582
20260904,2,ordinary,linear,brake,17801,0.03478063642978668,0.055865030735731125,0.04314977675676346
20260904,2,ordinary,linear,accelerator,17801,0.03595982864499092,0.08591577410697937,0.06056622043251991
20260904,2,ordinary,linear,speed_kmh,17801,0.20762617886066437,0.708981454372406,0.5177217125892639
20260904,2,ordinary,linear,action_macro,17801,0.7809475064277649,1.6023828983306885,1.2562028169631958
20260904,2,ordinary,extra_trees,steer_deg,17801,3.495650291442871,7.395293235778809,5.758445739746094
20260904,2,ordinary,extra_trees,brake,17801,0.02110952138900757,0.05069464072585106,0.0363786444067955
20260904,2,ordinary,extra_trees,accelerator,17801,0.04255521669983864,0.07727085053920746,0.06864903122186661
20260904,2,ordinary,extra_trees,speed_kmh,17801,0.299894243478775,0.734406054019928,0.6904277801513672
20260904,2,ordinary,extra_trees,action_macro,17801,0.6574747562408447,1.366736650466919,1.0840809345245361
20260904,2,ordinary,transformer,steer_deg,17801,3.7892136573791504,7.551534652709961,6.1150007247924805
20260904,2,ordinary,transformer,brake,17801,0.014853858388960361,0.04950946196913719,0.024565130472183228
20260904,2,ordinary,transformer,accelerator,17801,0.038602180778980255,0.07840141654014587,0.06020156666636467
20260904,2,ordinary,transformer,speed_kmh,17801,0.3849777579307556,0.853209376335144,0.7858884334564209
20260904,2,ordinary,transformer,action_macro,17801,0.6089879274368286,1.3808468580245972,0.9727780222892761
20260904,2,ordinary,et_transformer_residual,steer_deg,17801,3.5837883949279785,7.414218425750732,5.693650245666504
20260904,2,ordinary,et_transformer_residual,brake,17801,0.015588490292429924,0.04868679493665695,0.026425546035170555
20260904,2,ordinary,et_transformer_residual,accelerator,17801,0.03671173378825188,0.07826177030801773,0.06056547164916992
20260904,2,ordinary,et_transformer_residual,speed_kmh,17801,0.3383342921733856,0.7501172423362732,0.7165115475654602
20260904,2,ordinary,et_transformer_residual,action_macro,17801,0.5875874161720276,1.365887999534607,0.9595167636871338
20260904,2,release_v3_historical_2323,hold,steer_deg,828,20.237707138061523,32.830955505371094,30.82740592956543
20260904,2,release_v3_historical_2323,linear,steer_deg,828,33.047462463378906,48.011962890625,73.64405822753906
20260904,2,release_v3_historical_2323,extra_trees,steer_deg,828,15.076605796813965,22.972715377807617,23.395408630371094
20260904,2,release_v3_historical_2323,transformer,steer_deg,828,14.474863052368164,23.316802978515625,23.169740676879883
20260904,2,release_v3_historical_2323,et_transformer_residual,steer_deg,828,14.553152084350586,22.37806510925293,23.358028411865234
20260904,3,all_continuous,hold,steer_deg,101533,8.390589714050293,20.143173217773438,13.94777774810791
20260904,3,all_continuous,hold,brake,101533,0.01164866890758276,0.0611267127096653,0.019896989688277245
20260904,3,all_continuous,hold,accelerator,101533,0.04512593895196915,0.08845138549804688,0.0595056489109993
20260904,3,all_continuous,hold,speed_kmh,101533,1.1495164632797241,2.444364309310913,2.1623544692993164
20260904,3,all_continuous,hold,action_macro,101533,0.9378700256347656,2.6365349292755127,1.459202766418457
20260904,3,all_continuous,linear,steer_deg,101533,12.625754356384277,30.93977928161621,24.57965850830078
20260904,3,all_continuous,linear,brake,101533,0.039590995758771896,0.07373549789190292,0.04978781193494797
20260904,3,all_continuous,linear,accelerator,101533,0.06084098666906357,0.10783407092094421,0.09147684276103973
20260904,3,all_continuous,linear,speed_kmh,101533,0.40740543603897095,1.8627362251281738,0.8854543566703796
20260904,3,all_continuous,linear,action_macro,101533,1.511264681816101,3.8780083656311035,2.5804080963134766
20260904,3,all_continuous,extra_trees,steer_deg,101533,6.6415557861328125,14.909305572509766,10.315093040466309
20260904,3,all_continuous,extra_trees,brake,101533,0.01375656295567751,0.05483964458107948,0.02318967878818512
20260904,3,all_continuous,extra_trees,accelerator,101533,0.050140734761953354,0.08416873961687088,0.06927981972694397
20260904,3,all_continuous,extra_trees,speed_kmh,101533,0.3491773009300232,1.1909558773040771,0.7512195110321045
20260904,3,all_continuous,extra_trees,action_macro,101533,0.8687523007392883,2.0759100914001465,1.304136037826538
20260904,3,all_continuous,transformer,steer_deg,101533,6.795171737670898,15.314062118530273,10.507355690002441
20260904,3,all_continuous,transformer,brake,101533,0.013547833077609539,0.05775587260723114,0.021747978404164314
20260904,3,all_continuous,transformer,accelerator,101533,0.048036910593509674,0.08542975038290024,0.06340783834457397
20260904,3,all_continuous,transformer,speed_kmh,101533,0.44767212867736816,1.4809881448745728,0.9175784587860107
20260904,3,all_continuous,transformer,action_macro,101533,0.8635765314102173,2.131855010986328,1.268195629119873
20260904,3,all_continuous,et_transformer_residual,steer_deg,101533,6.674258708953857,14.840981483459473,10.347164154052734
20260904,3,all_continuous,et_transformer_residual,brake,101533,0.01294807717204094,0.05526367202401161,0.020805738866329193
20260904,3,all_continuous,et_transformer_residual,accelerator,101533,0.04645264148712158,0.08431743085384369,0.062223177403211594
20260904,3,all_continuous,et_transformer_residual,speed_kmh,101533,0.3473619222640991,1.1719218492507935,0.7193643450737
20260904,3,all_continuous,et_transformer_residual,action_macro,101533,0.8409548997879028,2.0716822147369385,1.2433372735977173
20260904,3,distance_v2_305,hold,steer_deg,105,12.740866661071777,25.088878631591797,32.61217498779297
20260904,3,distance_v2_305,hold,brake,105,0.017954833805561066,0.0781833603978157,0.040518734604120255
20260904,3,distance_v2_305,hold,accelerator,105,0.06055725738406181,0.1380232721567154,0.12401217222213745
20260904,3,distance_v2_305,hold,speed_kmh,105,1.1748692989349365,2.3835041522979736,2.2513749599456787
20260904,3,distance_v2_305,hold,action_macro,105,1.372805118560791,3.4275014400482178,3.2710177898406982
20260904,3,distance_v2_305,linear,steer_deg,105,17.338716506958008,32.483489990234375,43.4637336730957
20260904,3,distance_v2_305,linear,brake,105,0.04810795560479164,0.10017500817775726,0.07820422947406769
20260904,3,distance_v2_305,linear,accelerator,105,0.0776723101735115,0.1600290983915329,0.15740999579429626
20260904,3,distance_v2_305,linear,speed_kmh,105,0.5613471269607544,1.7456412315368652,1.2930465936660767
20260904,3,distance_v2_305,linear,action_macro,105,1.9944493770599365,4.338387489318848,4.468343734741211
20260904,3,distance_v2_305,extra_trees,steer_deg,105,11.297438621520996,21.443206787109375,30.160850524902344
20260904,3,distance_v2_305,extra_trees,brake,105,0.020091578364372253,0.06695538759231567,0.043821483850479126
20260904,3,distance_v2_305,extra_trees,accelerator,105,0.06835639476776123,0.12993574142456055,0.13256271183490753
20260904,3,distance_v2_305,extra_trees,speed_kmh,105,0.4461067318916321,1.1949827671051025,1.0523183345794678
20260904,3,distance_v2_305,extra_trees,action_macro,105,1.3428157567977905,2.996607780456543,3.1866180896759033
20260904,3,distance_v2_305,transformer,steer_deg,105,11.32915210723877,21.74220848083496,30.144832611083984
20260904,3,distance_v2_305,transformer,brake,105,0.019550900906324387,0.07122209668159485,0.043801289051771164
20260904,3,distance_v2_305,transformer,accelerator,105,0.06665530055761337,0.1356220245361328,0.1306728571653366
20260904,3,distance_v2_305,transformer,speed_kmh,105,0.49863073229789734,1.6566975116729736,1.1337593793869019
20260904,3,distance_v2_305,transformer,action_macro,105,1.3299847841262817,3.0711188316345215,3.172816514968872
20260904,3,distance_v2_305,et_transformer_residual,steer_deg,105,11.301313400268555,21.435155868530273,30.347309112548828
20260904,3,distance_v2_305,et_transformer_residual,brake,105,0.01817052625119686,0.06862015277147293,0.04058271646499634
20260904,3,distance_v2_305,et_transformer_residual,accelerator,105,0.06574471294879913,0.13372169435024261,0.13142600655555725
20260904,3,distance_v2_305,et_transformer_residual,speed_kmh,105,0.43533459305763245,1.1898010969161987,0.981717586517334
20260904,3,distance_v2_305,et_transformer_residual,action_macro,105,1.3128557205200195,3.022952079772949,3.1698787212371826
20260904,3,low_mu_v2_70,hold,steer_deg,22,1.7726773023605347,3.4682435989379883,2.7035844326019287
20260904,3,low_mu_v2_70,hold,brake,22,0.003996073268353939,0.025741737335920334,0.007146454881876707
20260904,3,low_mu_v2_70,hold,accelerator,22,0.06880061328411102,0.12227986007928848,0.08765249699354172
20260904,3,low_mu_v2_70,hold,speed_kmh,22,0.34477272629737854,0.605887234210968,0.7412092089653015
20260904,3,low_mu_v2_70,hold,action_macro,22,0.6034897565841675,1.497458815574646,0.8122320175170898
20260904,3,low_mu_v2_70,linear,steer_deg,22,2.6251227855682373,4.077467441558838,4.677140712738037
20260904,3,low_mu_v2_70,linear,brake,22,0.032496072351932526,0.036371320486068726,0.03441917523741722
20260904,3,low_mu_v2_70,linear,accelerator,22,0.07423863559961319,0.12747929990291595,0.09055740386247635
20260904,3,low_mu_v2_70,linear,speed_kmh,22,0.13282974064350128,0.3271026313304901,0.4136624038219452
20260904,3,low_mu_v2_70,linear,action_macro,22,0.8865728974342346,1.601516842842102,1.144986629486084
20260904,3,low_mu_v2_70,extra_trees,steer_deg,22,1.4772675037384033,3.1694869995117188,2.4667201042175293
20260904,3,low_mu_v2_70,extra_trees,brake,22,0.004985625855624676,0.024290282279253006,0.009418578818440437
20260904,3,low_mu_v2_70,extra_trees,accelerator,22,0.0746854618191719,0.1183774396777153,0.09439998120069504
20260904,3,low_mu_v2_70,extra_trees,speed_kmh,22,0.23926343023777008,0.41907253861427307,0.5904796123504639
20260904,3,low_mu_v2_70,extra_trees,action_macro,22,0.6296250820159912,1.442581057548523,0.8565717339515686
20260904,3,low_mu_v2_70,transformer,steer_deg,22,2.018509864807129,3.5287272930145264,3.4799630641937256
20260904,3,low_mu_v2_70,transformer,brake,22,0.005418231710791588,0.02555910497903824,0.008738655596971512
20260904,3,low_mu_v2_70,transformer,accelerator,22,0.0699092224240303,0.11866606771945953,0.08839621394872665
20260904,3,low_mu_v2_70,transformer,speed_kmh,22,0.24009495973587036,0.41213351488113403,0.5694615840911865
20260904,3,low_mu_v2_70,transformer,action_macro,22,0.6367504000663757,1.4596847295761108,0.8795633316040039
20260904,3,low_mu_v2_70,et_transformer_residual,steer_deg,22,1.818149447441101,3.3800911903381348,2.9840688705444336
20260904,3,low_mu_v2_70,et_transformer_residual,brake,22,0.005411073099821806,0.025302108377218246,0.008838450536131859
20260904,3,low_mu_v2_70,et_transformer_residual,accelerator,22,0.07144059240818024,0.12279293686151505,0.09325886517763138
20260904,3,low_mu_v2_70,et_transformer_residual,speed_kmh,22,0.21008971333503723,0.39527013897895813,0.521408200263977
20260904,3,low_mu_v2_70,et_transformer_residual,action_macro,22,0.6335543990135193,1.4993689060211182,0.8795866370201111
20260904,3,high_dynamic_not_started,hold,steer_deg,2126,13.337013244628906,31.788957595825195,27.612689971923828
20260904,3,high_dynamic_not_started,hold,brake,2126,0.02881384827196598,0.08672156929969788,0.05346868559718132
20260904,3,high_dynamic_not_started,hold,accelerator,2126,0.015409748069941998,0.0637652650475502,0.026910405606031418
20260904,3,high_dynamic_not_started,hold,speed_kmh,2126,3.8031153678894043,6.655203819274902,6.8004374504089355
20260904,3,high_dynamic_not_started,hold,action_macro,2126,1.1839581727981567,3.8753998279571533,2.37670636177063
20260904,3,high_dynamic_not_started,linear,steer_deg,2126,13.594295501708984,31.811838150024414,28.19475746154785
20260904,3,high_dynamic_not_started,linear,brake,2126,0.044983647763729095,0.0894617959856987,0.07045602798461914
20260904,3,high_dynamic_not_started,linear,accelerator,2126,0.01712512969970703,0.0656496211886406,0.030643781647086143
20260904,3,high_dynamic_not_started,linear,speed_kmh,2126,1.5690419673919678,6.841394901275635,3.309122085571289
20260904,3,high_dynamic_not_started,linear,action_macro,2126,1.3203449249267578,3.890374183654785,2.5536491870880127
20260904,3,high_dynamic_not_started,extra_trees,steer_deg,2126,13.405510902404785,25.88907814025879,23.263086318969727
20260904,3,high_dynamic_not_started,extra_trees,brake,2126,0.04321559891104698,0.09035839140415192,0.07150111347436905
20260904,3,high_dynamic_not_started,extra_trees,accelerator,2126,0.03751258924603462,0.06933087110519409,0.06759379804134369
20260904,3,high_dynamic_not_started,extra_trees,speed_kmh,2126,1.2917418479919434,3.8474841117858887,2.48854398727417
20260904,3,high_dynamic_not_started,extra_trees,action_macro,2126,1.4318885803222656,3.2659013271331787,2.4781718254089355
20260904,3,high_dynamic_not_started,transformer,steer_deg,2126,13.575297355651855,26.965740203857422,23.917959213256836
20260904,3,high_dynamic_not_started,transformer,brake,2126,0.03705883398652077,0.08421687036752701,0.06370045989751816
20260904,3,high_dynamic_not_started,transformer,accelerator,2126,0.029872247949242592,0.06322109699249268,0.047665540128946304
20260904,3,high_dynamic_not_started,transformer,speed_kmh,2126,2.064525842666626,4.819352626800537,3.980058193206787
20260904,3,high_dynamic_not_started,transformer,action_macro,2126,1.3512271642684937,3.342743396759033,2.336970806121826
20260904,3,high_dynamic_not_started,et_transformer_residual,steer_deg,2126,13.529072761535645,26.204959869384766,23.256332397460938
20260904,3,high_dynamic_not_started,et_transformer_residual,brake,2126,0.036724284291267395,0.08374177664518356,0.06293836236000061
20260904,3,high_dynamic_not_started,et_transformer_residual,accelerator,2126,0.029058044776320457,0.06432204693555832,0.04847056418657303
20260904,3,high_dynamic_not_started,et_transformer_residual,speed_kmh,2126,1.2537074089050293,3.7800793647766113,2.3770060539245605
20260904,3,high_dynamic_not_started,et_transformer_residual,action_macro,2126,1.3404871225357056,3.262310028076172,2.2931482791900635
20260904,3,action_started,hold,steer_deg,83608,9.093377113342285,21.19456672668457,14.883121490478516
20260904,3,action_started,hold,brake,83608,0.010767935775220394,0.060767244547605515,0.0180666521191597
20260904,3,action_started,hold,accelerator,83608,0.04865110665559769,0.09087274223566055,0.06310352683067322
20260904,3,action_started,hold,speed_kmh,83608,1.1193197965621948,2.3741142749786377,2.1085541248321533
20260904,3,action_started,hold,action_macro,83608,1.0023518800735474,2.7537007331848145,1.5333423614501953
20260904,3,action_started,linear,steer_deg,83608,14.12015438079834,33.4244270324707,27.517017364501953
20260904,3,action_started,linear,brake,83608,0.03981606662273407,0.07523412257432938,0.049572914838790894
20260904,3,action_started,linear,accelerator,83608,0.06646770983934402,0.11279997229576111,0.09940996021032333
20260904,3,action_started,linear,speed_kmh,83608,0.4099161922931671,1.7046712636947632,0.8811666369438171
20260904,3,action_started,linear,action_macro,83608,1.64990234375,4.16498327255249,2.8276870250701904
20260904,3,action_started,extra_trees,steer_deg,83608,7.026651382446289,15.451130867004395,10.750859260559082
20260904,3,action_started,extra_trees,brake,83608,0.01228955015540123,0.05406319722533226,0.020631227642297745
20260904,3,action_started,extra_trees,accelerator,83608,0.05223488435149193,0.08632566779851913,0.07056241482496262
20260904,3,action_started,extra_trees,speed_kmh,83608,0.33931559324264526,1.121748447418213,0.7295595407485962
20260904,3,action_started,extra_trees,action_macro,83608,0.8986067175865173,2.1369361877441406,1.3246816396713257
20260904,3,action_started,transformer,steer_deg,83608,7.157254695892334,15.894787788391113,10.90684986114502
20260904,3,action_started,transformer,brake,83608,0.01247694343328476,0.05735297128558159,0.01972046121954918
20260904,3,action_started,transformer,accelerator,83608,0.05045756325125694,0.08778952807188034,0.06534431874752045
20260904,3,action_started,transformer,speed_kmh,83608,0.42522522807121277,1.3966810703277588,0.869556725025177
20260904,3,action_started,transformer,action_macro,83608,0.8967137336730957,2.1988115310668945,1.2942216396331787
20260904,3,action_started,et_transformer_residual,steer_deg,83608,7.033812522888184,15.360468864440918,10.772010803222656
20260904,3,action_started,et_transformer_residual,brake,83608,0.01183752529323101,0.05461154505610466,0.018628645688295364
20260904,3,action_started,et_transformer_residual,accelerator,83608,0.04883365333080292,0.08650202304124832,0.0640755370259285
20260904,3,action_started,et_transformer_residual,speed_kmh,83608,0.3352954387664795,1.1025687456130981,0.6919772624969482
20260904,3,action_started,et_transformer_residual,action_macro,83608,0.8733955025672913,2.1310226917266846,1.2694952487945557
20260904,3,ordinary,hold,steer_deg,15799,4.005817413330078,9.714027404785156,7.159140586853027
20260904,3,ordinary,hold,brake,15799,0.013999671675264835,0.058814458549022675,0.025065509602427483
20260904,3,ordinary,hold,accelerator,15799,0.030469534918665886,0.07766256481409073,0.04485198110342026
20260904,3,ordinary,hold,speed_kmh,15799,0.9522345066070557,1.615588665008545,1.8229411840438843
20260904,3,ordinary,hold,action_macro,15799,0.5635159015655518,1.5885777473449707,0.9433926343917847
20260904,3,ordinary,linear,steer_deg,15799,4.587090492248535,10.178508758544922,8.548752784729004
20260904,3,ordinary,linear,brake,15799,0.03767428174614906,0.06253114342689514,0.048143744468688965
20260904,3,ordinary,linear,accelerator,15799,0.036947138607501984,0.08255220949649811,0.05768096074461937
20260904,3,ordinary,linear,speed_kmh,15799,0.23780298233032227,0.7889549732208252,0.5820027589797974
20260904,3,ordinary,linear,action_macro,15799,0.8032823801040649,1.6767115592956543,1.2754149436950684
20260904,3,ordinary,extra_trees,steer_deg,15799,3.6934444904327393,8.657574653625488,6.2666730880737305
20260904,3,ordinary,extra_trees,brake,15799,0.017555803060531616,0.05254412814974785,0.030227897688746452
20260904,3,ordinary,extra_trees,accelerator,15799,0.04075777903199196,0.07378862798213959,0.06271927803754807
20260904,3,ordinary,extra_trees,speed_kmh,15799,0.27452877163887024,0.681367814540863,0.632059633731842
20260904,3,ordinary,extra_trees,action_macro,15799,0.6349866986274719,1.446881890296936,1.0374261140823364
20260904,3,ordinary,transformer,steer_deg,15799,3.9666624069213867,8.504034042358398,6.588639736175537
20260904,3,ordinary,transformer,brake,15799,0.016051162034273148,0.0554584339261055,0.02683219499886036
20260904,3,ordinary,transformer,accelerator,15799,0.03767116740345955,0.07469489425420761,0.055278412997722626
20260904,3,ordinary,transformer,speed_kmh,15799,0.3488868772983551,0.8043075799942017,0.7596039175987244
20260904,3,ordinary,transformer,action_macro,15799,0.6225929260253906,1.4554184675216675,0.9866467118263245
20260904,3,ordinary,et_transformer_residual,steer_deg,15799,3.8490755558013916,8.629023551940918,6.361749172210693
20260904,3,ordinary,et_transformer_residual,brake,15799,0.01562563329935074,0.05385687202215195,0.026657281443476677
20260904,3,ordinary,et_transformer_residual,accelerator,15799,0.03619299456477165,0.07439480721950531,0.05427118018269539
20260904,3,ordinary,et_transformer_residual,speed_kmh,15799,0.2892564535140991,0.6856932640075684,0.6412352323532104
20260904,3,ordinary,et_transformer_residual,action_macro,15799,0.6020627021789551,1.4551588296890259,0.9636396765708923
20260904,3,release_v3_historical_2323,hold,steer_deg,765,23.748289108276367,36.36591720581055,37.83367919921875
20260904,3,release_v3_historical_2323,linear,steer_deg,765,36.04295349121094,52.40980911254883,79.43189239501953
20260904,3,release_v3_historical_2323,extra_trees,steer_deg,765,16.289934158325195,24.40363121032715,25.336244583129883
20260904,3,release_v3_historical_2323,transformer,steer_deg,765,16.93254852294922,26.097267150878906,26.18925666809082
20260904,3,release_v3_historical_2323,et_transformer_residual,steer_deg,765,15.860854148864746,24.039443969726562,25.404125213623047
