window_config_id,plot_type,rank,array_row,sample_id,subject
pre2_label2_old_main,fixed,1,62,raw_road_curvature_onset__gf__2025_09_26_10_40_59__00001__pre2_label2_old_main,gf
pre2_label2_old_main,fixed,2,282,raw_road_curvature_onset__zdq__2025_09_26_15_37_30__00001__pre2_label2_old_main,zdq
pre2_label2_old_main,fixed,3,167,raw_road_curvature_onset__lxy__2025_09_28_18_19_35__00001__pre2_label2_old_main,lxy
pre2_label2_old_main,fixed,4,106,raw_road_curvature_onset__hzh__2025_09_27_19_22_27__00001__pre2_label2_old_main,hzh
pre2_label2_old_main,fixed,5,232,raw_road_curvature_onset__yyl__2025_09_28_09_14_23__00001__pre2_label2_old_main,yyl
pre2_label2_old_main,fixed,6,94,raw_road_curvature_onset__hzh__2025_09_26_20_50_27__00001__pre2_label2_old_main,hzh
pre2_label2_old_main,fixed,7,169,raw_road_curvature_onset__lxy__2025_09_28_18_19_35__00003__pre2_label2_old_main,lxy
pre2_label2_old_main,fixed,8,340,raw_road_curvature_onset__zx__2025_09_27_18_17_48__00004__pre2_label2_old_main,zx
pre2_label2_old_main,fixed,9,171,raw_road_curvature_onset__lxy__2025_09_28_18_19_35__00005__pre2_label2_old_main,lxy
pre2_label2_old_main,fixed,10,107,raw_road_curvature_onset__hzh__2025_09_27_19_22_27__00002__pre2_label2_old_main,hzh
pre2_label2_old_main,fixed,11,285,raw_road_curvature_onset__zdq__2025_09_26_15_37_30__00004__pre2_label2_old_main,zdq
pre2_label2_old_main,fixed,12,168,raw_road_curvature_onset__lxy__2025_09_28_18_19_35__00002__pre2_label2_old_main,lxy
pre2_label2_old_main,bad,1,282,raw_road_curvature_onset__zdq__2025_09_26_15_37_30__00001__pre2_label2_old_main,zdq
pre2_label2_old_main,bad,2,62,raw_road_curvature_onset__gf__2025_09_26_10_40_59__00001__pre2_label2_old_main,gf
pre2_label2_old_main,bad,3,10,raw_road_curvature_onset__byx__2025_09_28_17_25_18__00001__pre2_label2_old_main,byx
pre2_label2_old_main,bad,4,236,raw_road_curvature_onset__yyl__2025_09_28_09_14_23__00005__pre2_label2_old_main,yyl
pre2_label2_old_main,bad,5,106,raw_road_curvature_onset__hzh__2025_09_27_19_22_27__00001__pre2_label2_old_main,hzh
pre2_label2_old_main,bad,6,20,raw_road_curvature_onset__byx__2025_09_28_17_46_00__00001__pre2_label2_old_main,byx
pre2_label2_old_main,bad,7,257,raw_road_curvature_onset__yzy__2025_09_27_14_26_04__00001__pre2_label2_old_main,yzy
pre2_label2_old_main,bad,8,167,raw_road_curvature_onset__lxy__2025_09_28_18_19_35__00001__pre2_label2_old_main,lxy
pre2_label2_old_main,bad,9,261,raw_road_curvature_onset__yzy__2025_09_27_14_26_04__00005__pre2_label2_old_main,yzy
pre2_label2_old_main,bad,10,94,raw_road_curvature_onset__hzh__2025_09_26_20_50_27__00001__pre2_label2_old_main,hzh
pre2_label2_old_main,bad,11,5,raw_road_curvature_onset__byx__2025_09_28_17_15_52__00001__pre2_label2_old_main,byx
pre2_label2_old_main,bad,12,233,raw_road_curvature_onset__yyl__2025_09_28_09_14_23__00002__pre2_label2_old_main,yyl
pre3_label3_response_coverage,fixed,1,62,raw_road_curvature_onset__gf__2025_09_26_10_40_59__00001__pre3_label3_response_coverage,gf
pre3_label3_response_coverage,fixed,2,282,raw_road_curvature_onset__zdq__2025_09_26_15_37_30__00001__pre3_label3_response_coverage,zdq
pre3_label3_response_coverage,fixed,3,167,raw_road_curvature_onset__lxy__2025_09_28_18_19_35__00001__pre3_label3_response_coverage,lxy
pre3_label3_response_coverage,fixed,4,106,raw_road_curvature_onset__hzh__2025_09_27_19_22_27__00001__pre3_label3_response_coverage,hzh
pre3_label3_response_coverage,fixed,5,232,raw_road_curvature_onset__yyl__2025_09_28_09_14_23__00001__pre3_label3_response_coverage,yyl
pre3_label3_response_coverage,fixed,6,94,raw_road_curvature_onset__hzh__2025_09_26_20_50_27__00001__pre3_label3_response_coverage,hzh
pre3_label3_response_coverage,fixed,7,335,raw_road_curvature_onset__zx__2025_09_27_18_07_01__00004__pre3_label3_response_coverage,zx
pre3_label3_response_coverage,fixed,8,345,raw_road_curvature_onset__zxy__2025_09_28_16_01_55__00003__pre3_label3_response_coverage,zxy
pre3_label3_response_coverage,fixed,9,283,raw_road_curvature_onset__zdq__2025_09_26_15_37_30__00002__pre3_label3_response_coverage,zdq
pre3_label3_response_coverage,fixed,10,338,raw_road_curvature_onset__zx__2025_09_27_18_17_48__00002__pre3_label3_response_coverage,zx
pre3_label3_response_coverage,fixed,11,7,raw_road_curvature_onset__byx__2025_09_28_17_15_52__00003__pre3_label3_response_coverage,byx
pre3_label3_response_coverage,fixed,12,97,raw_road_curvature_onset__hzh__2025_09_26_20_50_27__00004__pre3_label3_response_coverage,hzh
pre3_label3_response_coverage,bad,1,282,raw_road_curvature_onset__zdq__2025_09_26_15_37_30__00001__pre3_label3_response_coverage,zdq
pre3_label3_response_coverage,bad,2,62,raw_road_curvature_onset__gf__2025_09_26_10_40_59__00001__pre3_label3_response_coverage,gf
pre3_label3_response_coverage,bad,3,106,raw_road_curvature_onset__hzh__2025_09_27_19_22_27__00001__pre3_label3_response_coverage,hzh
pre3_label3_response_coverage,bad,4,261,raw_road_curvature_onset__yzy__2025_09_27_14_26_04__00005__pre3_label3_response_coverage,yzy
pre3_label3_response_coverage,bad,5,10,raw_road_curvature_onset__byx__2025_09_28_17_25_18__00001__pre3_label3_response_coverage,byx
pre3_label3_response_coverage,bad,6,232,raw_road_curvature_onset__yyl__2025_09_28_09_14_23__00001__pre3_label3_response_coverage,yyl
pre3_label3_response_coverage,bad,7,94,raw_road_curvature_onset__hzh__2025_09_26_20_50_27__00001__pre3_label3_response_coverage,hzh
pre3_label3_response_coverage,bad,8,257,raw_road_curvature_onset__yzy__2025_09_27_14_26_04__00001__pre3_label3_response_coverage,yzy
pre3_label3_response_coverage,bad,9,167,raw_road_curvature_onset__lxy__2025_09_28_18_19_35__00001__pre3_label3_response_coverage,lxy
pre3_label3_response_coverage,bad,10,194,raw_road_curvature_onset__txj__2025_09_27_08_40_46__00001__pre3_label3_response_coverage,txj
pre3_label3_response_coverage,bad,11,20,raw_road_curvature_onset__byx__2025_09_28_17_46_00__00001__pre3_label3_response_coverage,byx
pre3_label3_response_coverage,bad,12,63,raw_road_curvature_onset__gf__2025_09_26_10_40_59__00002__pre3_label3_response_coverage,gf
